{
    "Label_Focus_Point": 4.549999999999998,
    "Top_Left_Focus_Point": 4.599999999999998,
    "Top_Right_Focus_Point": 4.649999999999998,
    "Bottom_Left_Focus_Point": 4.649999999999998,
    "Bottom_Right_Focus_Point": 4.549999999999998,
    "Inlet_Focus_Point": 4.599999999999998,
    "Outlet_Focus_Point": 4.649999999999998,
    "Channel_1_Focus_Point": 4.649999999999998,
    "Channel_2_Focus_Point": 4.649999999999998
}