{
    "Label_Focus_Point": 4.749999999999997,
    "Top_Left_Focus_Point": 4.749999999999997,
    "Top_Right_Focus_Point": 4.849999999999997,
    "Bottom_Left_Focus_Point": 4.849999999999997,
    "Bottom_Right_Focus_Point": 4.6999999999999975,
    "Inlet_Focus_Point": 4.799999999999997,
    "Outlet_Focus_Point": 4.849999999999997,
    "Channel_1_Focus_Point": 4.799999999999997,
    "Channel_2_Focus_Point": 4.799999999999997
}